<?xml version="1.0" encoding="UTF-8"?>
<beans xmlns="http://www.springframework.org/schema/beans"
	xmlns:xsi="http://www.w3.org/2001/XMLSchema-instance"
	xmlns:p="http://www.springframework.org/schema/p"
	xmlns:aop="http://www.springframework.org/schema/aop"
	xmlns:context="http://www.springframework.org/schema/context"
	xmlns:jee="http://www.springframework.org/schema/jee"
	xmlns:tx="http://www.springframework.org/schema/tx"
	xmlns:task="http://www.springframework.org/schema/task"
	xsi:schemaLocation="http://www.springframework.org/schema/aop http://www.springframework.org/schema/aop/spring-aop-3.2.xsd http://www.springframework.org/schema/beans http://www.springframework.org/schema/beans/spring-beans-3.2.xsd http://www.springframework.org/schema/context http://www.springframework.org/schema/context/spring-context-3.2.xsd http://www.springframework.org/schema/jee http://www.springframework.org/schema/jee/spring-jee-3.2.xsd http://www.springframework.org/schema/tx http://www.springframework.org/schema/tx/spring-tx-3.2.xsd http://www.springframework.org/schema/task http://www.springframework.org/schema/task/spring-task-3.2.xsd">

	<context:component-scan base-package="com.cognizant.truyum"/>
		
		
	<bean id="dateFormat" class="java.text.SimpleDateFormat">
		<constructor-arg value="yyyy-MM-dd" />
	</bean>

	<bean id="sandwichItem"
		class="com.cognizant.truyum.model.MenuItem">
		<property name="id" value="1"></property>
		<property name="name" value="Sandwich"></property>
		<property name="price" value="99f"></property>
		<property name="active" value="true"></property>
		<property name="dateOfLaunch">

			<bean factory-bean="dateFormat" factory-method="parse">
				<constructor-arg value="2017-03-15" />
			</bean>

		</property>
		<property name="category" value="Main Course"></property>
		<property name="freeDelivery" value="true"></property>
	</bean>
	<bean id="burgerItem" class="com.cognizant.truyum.model.MenuItem">
		<property name="id" value="2"></property>
		<property name="name" value="Burger"></property>
		<property name="price" value="129f"></property>
		<property name="active" value="true"></property>
		<property name="dateOfLaunch">

			<bean factory-bean="dateFormat" factory-method="parse">
				<constructor-arg value="2017-12-23" />
			</bean>

		</property>
		<property name="category" value="Main Course"></property>
		<property name="freeDelivery" value="false"></property>
	</bean>

	<bean id="pizzaItem" class="com.cognizant.truyum.model.MenuItem">
		<property name="id" value="3"></property>
		<property name="name" value="Pizza"></property>
		<property name="price" value="149f"></property>
		<property name="active" value="true"></property>
		<property name="dateOfLaunch">

			<bean factory-bean="dateFormat" factory-method="parse">
				<constructor-arg value="2018-08-21" />
			</bean>

		</property>
		<property name="category" value="Main Course"></property>
		<property name="freeDelivery" value="false"></property>
	</bean>


	<bean id="frenchfriesItem"
		class="com.cognizant.truyum.model.MenuItem">
		<property name="id" value="4"></property>
		<property name="name" value="French Fries"></property>
		<property name="price" value="57f"></property>
		<property name="active" value="false"></property>
		<property name="dateOfLaunch">

			<bean factory-bean="dateFormat" factory-method="parse">
				<constructor-arg value="2018-02-07" />
			</bean>

		</property>
		<property name="category" value="Staters"></property>
		<property name="freeDelivery" value="true"></property>
	</bean>

	<bean id="chocolatebrownieItem"
		class="com.cognizant.truyum.model.MenuItem">
		<property name="id" value="4"></property>
		<property name="name" value="Chocolate Brownie"></property>
		<property name="price" value="32f"></property>
		<property name="active" value="true"></property>
		<property name="dateOfLaunch">

			<bean factory-bean="dateFormat" factory-method="parse">
				<constructor-arg value="2022-11-02" />
			</bean>

		</property>
		<property name="category" value="Desert"></property>
		<property name="freeDelivery" value="true"></property>
	</bean>

	<bean id="menuItems" class="java.util.ArrayList">
		<constructor-arg>
			<list>
				<ref bean="sandwichItem" />
				<ref bean="burgerItem" />
				<ref bean="pizzaItem" />
				<ref bean="frenchfriesItem" />
				<ref bean="chocolatebrownieItem" />
			</list>
		</constructor-arg>
	</bean>
	
	
</beans>